{
      "BeGe": {
            "Calibration": [
                  0.005797804106630586,
                  152.42142033448806
            ],
            "EnergyResolution": [0.00787300634248369, 1.3060403567549195, 5.759589155773027]
      }
}
