{
      "BeGe": {
            "Calibration": [
                  0.0408625,
                  -0.16892
            ],
            "EnergyResolution": [0.00787300634248369, 1.3060403567549195, 5.759589155773027]
      }
}
